﻿<?xml version="1.0"?>
<doc>
<assembly>
<name>
DoublePlatform_1.2
</name>
</assembly>
<members>
<member name="P:DoublePlatform_1._0.My.Resources.Resources.ResourceManager">
	<summary>
  Gibt die zwischengespeicherte ResourceManager-Instanz zurück, die von dieser Klasse verwendet wird.
</summary>
</member><member name="P:DoublePlatform_1._0.My.Resources.Resources.Culture">
	<summary>
  Überschreibt die CurrentUICulture-Eigenschaft des aktuellen Threads für alle
  Ressourcenzuordnungen, die diese stark typisierte Ressourcenklasse verwenden.
</summary>
</member><member name="P:DoublePlatform_1._0.My.Resources.Resources.AdjustZero">
	<summary>
  Sucht eine lokalisierte Ressource vom Typ System.Drawing.Bitmap.
</summary>
</member><member name="P:DoublePlatform_1._0.My.Resources.Resources.greenLED">
	<summary>
  Sucht eine lokalisierte Ressource vom Typ System.Drawing.Bitmap.
</summary>
</member><member name="P:DoublePlatform_1._0.My.Resources.Resources.Laser_Warnschild_S">
	<summary>
  Sucht eine lokalisierte Ressource vom Typ System.Drawing.Bitmap.
</summary>
</member><member name="P:DoublePlatform_1._0.My.Resources.Resources.LaserTest_off">
	<summary>
  Sucht eine lokalisierte Ressource vom Typ System.Drawing.Bitmap.
</summary>
</member><member name="P:DoublePlatform_1._0.My.Resources.Resources.LaserTest_on">
	<summary>
  Sucht eine lokalisierte Ressource vom Typ System.Drawing.Bitmap.
</summary>
</member><member name="P:DoublePlatform_1._0.My.Resources.Resources.LaserTest_on_S">
	<summary>
  Sucht eine lokalisierte Ressource vom Typ System.Drawing.Bitmap.
</summary>
</member><member name="P:DoublePlatform_1._0.My.Resources.Resources.LaserTest_on_S1">
	<summary>
  Sucht eine lokalisierte Ressource vom Typ System.Drawing.Bitmap.
</summary>
</member><member name="P:DoublePlatform_1._0.My.Resources.Resources.redLED">
	<summary>
  Sucht eine lokalisierte Ressource vom Typ System.Drawing.Bitmap.
</summary>
</member><member name="T:DoublePlatform_1._0.My.Resources.Resources">
	<summary>
  Eine stark typisierte Ressourcenklasse zum Suchen von lokalisierten Zeichenfolgen usw.
</summary>
</member>
</members>
</doc>